{
  "products": [
    {
      "id": 0,
      "name": "SAP",
      "quantity": 40,
      "price": 100,
      "description": "SAP Basics",
      "manufacturer": "SAP Pvt Ltd"
    },
    {
      "id": 1,
      "name": "Python",
      "quantity": 10,
      "price": 300,
      "description": "Python fundamentals",
      "manufacturer": "Python Pvt Ltd"
    },
    {
      "id": "79259a8e-b3b8-49d9-8eb5-22a2f3a05bcb",
      "name": "dell",
      "description": "dell",
      "manufacturer": "dell product",
      "quantity": 25,
      "price": "255"
    }
  ],
  "users": [
    {
      "email": "jai@email.com",
      "password": "jai"
    },
    {
      "email": "john@email.com",
      "password": "john"
    },
    {
      "id": "dc56e7e5-c4e7-41d9-ac1f-5abd08569ac9",
      "email": "johny@email.com",
      "password": "johny",
      "firstname": "johny",
      "lastname": "johny",
      "location": "johny",
      "mobile": "123456789"
    },
    {
      "id": "e6aa74d9-f58b-424a-9571-8b4991a879e2",
      "email": "raju@email.com",
      "password": "raju",
      "firstname": "raju",
      "lastname": "raju",
      "location": "raju",
      "mobile": "1234567896"
    },
    {
      "id": "932fef3c-a284-4c91-b954-35ea91f5362e",
      "email": "shahsi@email.com",
      "password": "shahsi",
      "firstname": "shahsi",
      "lastname": "shahsi",
      "location": "wipro",
      "mobile": "1234567896"
    },
    {
      "id": "f367bbf1-99e3-4bf0-a1ea-b52649f53289",
      "email": "hkj@email.com",
      "password": "hkj",
      "firstname": "kjjkj",
      "lastname": "jkjkjkk",
      "location": "kjjkjkk",
      "mobile": "12345"
    }
  ]
}