{"alldata":{


"products":
[
  
  {
      "id": 0,
      "name": "SAP",
      "quantity": 40,
      "price": 100,
      "description": "SAP Basics",
      "manufacturer": "SAP Pvt Ltd"
    },
  
  {
      "id": 1,
      "name": "Python",
      "quantity": 10,
      "price": 300,
      "description": "Python fundamentals",
      "manufacturer": "Python Pvt Ltd"
    },
  
  {
      "id": 2,
      "name": "Oracle",
      "quantity": 70,
      "price": 500,
      "description": "Oracle Basics",
      "manufacturer": "Oracle Pvt Ltd"
    },
  
  {
      "id": "30b440d4-c9ed-414b-99b8-b78f7fc7f5b1",
      "name": "ideapad",
      "description": "laptop",
      "manufacturer": "lenovo",
      "quantity": 25,
      "price": "25000"
    }
 
 ]
,


"users":[
{
"email":"jai@email.com",
"password":"jai"
},
{
"email":"john@email.com",
"password":"john"
}
]


}}